Bin (cents); Number of Annotations (#)
1.5;0
4.5;0
7.5;0
10.5;0
13.5;0
16.5;0
19.5;0
22.5;0
25.5;0
28.5;0
31.5;0
34.5;0
37.5;0
40.5;0
43.5;0
46.5;0
49.5;0
52.5;0
55.5;0
58.5;0
61.5;0
64.5;0
67.5;0
70.5;0
73.5;0
76.5;0
79.5;0
82.5;0
85.5;0
88.5;0
91.5;0
94.5;0
97.5;0
100.5;0
103.5;0
106.5;0
109.5;0
112.5;0
115.5;0
118.5;0
121.5;0
124.5;0
127.5;0
130.5;0
133.5;0
136.5;0
139.5;0
142.5;0
145.5;0
148.5;0
151.5;0
154.5;0
157.5;0
160.5;0
163.5;0
166.5;0
169.5;0
172.5;0
175.5;0
178.5;0
181.5;0
184.5;0
187.5;0
190.5;0
193.5;0
196.5;0
199.5;0
202.5;0
205.5;0
208.5;0
211.5;0
214.5;0
217.5;0
220.5;0
223.5;0
226.5;0
229.5;0
232.5;0
235.5;0
238.5;0
241.5;0
244.5;0
247.5;0
250.5;0
253.5;0
256.5;0
259.5;0
262.5;0
265.5;0
268.5;0
271.5;0
274.5;0
277.5;0
280.5;0
283.5;0
286.5;0
289.5;0
292.5;0
295.5;0
298.5;0
301.5;0
304.5;0
307.5;0
310.5;0
313.5;0
316.5;0
319.5;0
322.5;0
325.5;0
328.5;0
331.5;0
334.5;0
337.5;0
340.5;0
343.5;0
346.5;0
349.5;0
352.5;0
355.5;0
358.5;0
361.5;0
364.5;0
367.5;0
370.5;0
373.5;0
376.5;0
379.5;0
382.5;0
385.5;0
388.5;0
391.5;0
394.5;0
397.5;0
400.5;0
403.5;0
406.5;0
409.5;0
412.5;0
415.5;0
418.5;0
421.5;0
424.5;0
427.5;0
430.5;0
433.5;0
436.5;0
439.5;0
442.5;0
445.5;0
448.5;0
451.5;0
454.5;0
457.5;0
460.5;0
463.5;0
466.5;0
469.5;0
472.5;0
475.5;0
478.5;0
481.5;0
484.5;0
487.5;0
490.5;0
493.5;0
496.5;0
499.5;0
502.5;0
505.5;0
508.5;0
511.5;0
514.5;0
517.5;0
520.5;0
523.5;0
526.5;0
529.5;0
532.5;0
535.5;0
538.5;0
541.5;0
544.5;0
547.5;0
550.5;0
553.5;0
556.5;0
559.5;0
562.5;0
565.5;0
568.5;0
571.5;0
574.5;0
577.5;0
580.5;0
583.5;0
586.5;0
589.5;0
592.5;0
595.5;0
598.5;0
601.5;0
604.5;0
607.5;0
610.5;0
613.5;0
616.5;0
619.5;0
622.5;0
625.5;0
628.5;0
631.5;0
634.5;0
637.5;0
640.5;0
643.5;0
646.5;0
649.5;0
652.5;0
655.5;0
658.5;0
661.5;0
664.5;0
667.5;0
670.5;0
673.5;0
676.5;0
679.5;0
682.5;0
685.5;0
688.5;0
691.5;0
694.5;0
697.5;0
700.5;0
703.5;0
706.5;0
709.5;0
712.5;0
715.5;0
718.5;0
721.5;0
724.5;0
727.5;0
730.5;0
733.5;0
736.5;0
739.5;0
742.5;0
745.5;0
748.5;0
751.5;0
754.5;0
757.5;0
760.5;0
763.5;0
766.5;0
769.5;0
772.5;0
775.5;0
778.5;0
781.5;0
784.5;0
787.5;0
790.5;0
793.5;0
796.5;0
799.5;0
802.5;0
805.5;0
808.5;0
811.5;0
814.5;0
817.5;0
820.5;0
823.5;0
826.5;0
829.5;0
832.5;0
835.5;0
838.5;0
841.5;0
844.5;0
847.5;0
850.5;0
853.5;0
856.5;0
859.5;0
862.5;0
865.5;0
868.5;0
871.5;0
874.5;0
877.5;0
880.5;0
883.5;0
886.5;0
889.5;0
892.5;0
895.5;0
898.5;0
901.5;0
904.5;0
907.5;0
910.5;0
913.5;0
916.5;0
919.5;0
922.5;0
925.5;0
928.5;0
931.5;0
934.5;0
937.5;0
940.5;0
943.5;0
946.5;0
949.5;0
952.5;0
955.5;0
958.5;0
961.5;0
964.5;0
967.5;0
970.5;0
973.5;0
976.5;0
979.5;0
982.5;0
985.5;0
988.5;0
991.5;0
994.5;0
997.5;0
1000.5;0
1003.5;0
1006.5;0
1009.5;0
1012.5;0
1015.5;0
1018.5;0
1021.5;0
1024.5;0
1027.5;0
1030.5;0
1033.5;0
1036.5;0
1039.5;0
1042.5;0
1045.5;0
1048.5;0
1051.5;0
1054.5;0
1057.5;0
1060.5;0
1063.5;0
1066.5;0
1069.5;0
1072.5;0
1075.5;0
1078.5;0
1081.5;0
1084.5;0
1087.5;0
1090.5;0
1093.5;0
1096.5;0
1099.5;0
1102.5;0
1105.5;0
1108.5;0
1111.5;0
1114.5;0
1117.5;0
1120.5;0
1123.5;0
1126.5;0
1129.5;0
1132.5;0
1135.5;0
1138.5;0
1141.5;0
1144.5;0
1147.5;0
1150.5;0
1153.5;0
1156.5;0
1159.5;0
1162.5;0
1165.5;0
1168.5;0
1171.5;0
1174.5;0
1177.5;0
1180.5;0
1183.5;0
1186.5;0
1189.5;0
1192.5;0
1195.5;0
1198.5;0
1201.5;0
1204.5;0
1207.5;0
1210.5;0
1213.5;0
1216.5;0
1219.5;0
1222.5;0
1225.5;0
1228.5;0
1231.5;0
1234.5;0
1237.5;0
1240.5;0
1243.5;0
1246.5;0
1249.5;0
1252.5;0
1255.5;0
1258.5;0
1261.5;0
1264.5;0
1267.5;0
1270.5;0
1273.5;0
1276.5;0
1279.5;0
1282.5;0
1285.5;0
1288.5;0
1291.5;0
1294.5;0
1297.5;0
1300.5;0
1303.5;0
1306.5;0
1309.5;0
1312.5;0
1315.5;0
1318.5;0
1321.5;0
1324.5;0
1327.5;0
1330.5;0
1333.5;0
1336.5;0
1339.5;0
1342.5;0
1345.5;0
1348.5;0
1351.5;0
1354.5;0
1357.5;0
1360.5;0
1363.5;0
1366.5;0
1369.5;0
1372.5;0
1375.5;0
1378.5;0
1381.5;0
1384.5;0
1387.5;0
1390.5;0
1393.5;0
1396.5;0
1399.5;0
1402.5;0
1405.5;0
1408.5;0
1411.5;0
1414.5;0
1417.5;0
1420.5;0
1423.5;0
1426.5;0
1429.5;0
1432.5;0
1435.5;0
1438.5;0
1441.5;0
1444.5;0
1447.5;0
1450.5;0
1453.5;0
1456.5;0
1459.5;0
1462.5;0
1465.5;0
1468.5;0
1471.5;0
1474.5;0
1477.5;0
1480.5;0
1483.5;0
1486.5;0
1489.5;0
1492.5;0
1495.5;0
1498.5;0
1501.5;0
1504.5;0
1507.5;0
1510.5;0
1513.5;0
1516.5;0
1519.5;0
1522.5;0
1525.5;0
1528.5;0
1531.5;0
1534.5;0
1537.5;0
1540.5;0
1543.5;0
1546.5;0
1549.5;0
1552.5;0
1555.5;0
1558.5;0
1561.5;0
1564.5;0
1567.5;0
1570.5;0
1573.5;0
1576.5;0
1579.5;0
1582.5;0
1585.5;0
1588.5;0
1591.5;0
1594.5;0
1597.5;0
1600.5;0
1603.5;0
1606.5;0
1609.5;0
1612.5;0
1615.5;0
1618.5;0
1621.5;0
1624.5;0
1627.5;0
1630.5;0
1633.5;0
1636.5;0
1639.5;0
1642.5;0
1645.5;0
1648.5;0
1651.5;0
1654.5;0
1657.5;0
1660.5;0
1663.5;0
1666.5;0
1669.5;0
1672.5;0
1675.5;0
1678.5;0
1681.5;0
1684.5;0
1687.5;0
1690.5;0
1693.5;0
1696.5;0
1699.5;0
1702.5;0
1705.5;0
1708.5;0
1711.5;0
1714.5;0
1717.5;0
1720.5;0
1723.5;0
1726.5;0
1729.5;0
1732.5;0
1735.5;0
1738.5;0
1741.5;0
1744.5;0
1747.5;0
1750.5;0
1753.5;0
1756.5;0
1759.5;0
1762.5;0
1765.5;0
1768.5;0
1771.5;0
1774.5;0
1777.5;0
1780.5;0
1783.5;0
1786.5;0
1789.5;0
1792.5;0
1795.5;0
1798.5;0
1801.5;0
1804.5;0
1807.5;0
1810.5;0
1813.5;0
1816.5;0
1819.5;0
1822.5;0
1825.5;0
1828.5;0
1831.5;0
1834.5;0
1837.5;0
1840.5;0
1843.5;0
1846.5;0
1849.5;0
1852.5;0
1855.5;0
1858.5;0
1861.5;0
1864.5;0
1867.5;0
1870.5;0
1873.5;0
1876.5;0
1879.5;0
1882.5;0
1885.5;0
1888.5;0
1891.5;0
1894.5;0
1897.5;0
1900.5;0
1903.5;0
1906.5;0
1909.5;0
1912.5;0
1915.5;0
1918.5;0
1921.5;0
1924.5;0
1927.5;0
1930.5;0
1933.5;0
1936.5;0
1939.5;0
1942.5;0
1945.5;0
1948.5;0
1951.5;0
1954.5;0
1957.5;0
1960.5;0
1963.5;0
1966.5;0
1969.5;0
1972.5;0
1975.5;0
1978.5;0
1981.5;0
1984.5;0
1987.5;0
1990.5;0
1993.5;0
1996.5;0
1999.5;0
2002.5;0
2005.5;0
2008.5;0
2011.5;0
2014.5;0
2017.5;0
2020.5;0
2023.5;0
2026.5;0
2029.5;0
2032.5;0
2035.5;0
2038.5;0
2041.5;0
2044.5;0
2047.5;0
2050.5;0
2053.5;0
2056.5;0
2059.5;0
2062.5;0
2065.5;0
2068.5;0
2071.5;0
2074.5;0
2077.5;0
2080.5;0
2083.5;0
2086.5;0
2089.5;0
2092.5;0
2095.5;0
2098.5;0
2101.5;0
2104.5;0
2107.5;0
2110.5;0
2113.5;0
2116.5;0
2119.5;0
2122.5;0
2125.5;0
2128.5;0
2131.5;0
2134.5;0
2137.5;0
2140.5;0
2143.5;0
2146.5;0
2149.5;0
2152.5;0
2155.5;0
2158.5;0
2161.5;0
2164.5;0
2167.5;0
2170.5;0
2173.5;0
2176.5;0
2179.5;0
2182.5;0
2185.5;0
2188.5;0
2191.5;0
2194.5;0
2197.5;0
2200.5;0
2203.5;0
2206.5;0
2209.5;0
2212.5;0
2215.5;0
2218.5;0
2221.5;0
2224.5;0
2227.5;0
2230.5;0
2233.5;0
2236.5;0
2239.5;0
2242.5;0
2245.5;0
2248.5;0
2251.5;0
2254.5;0
2257.5;0
2260.5;0
2263.5;0
2266.5;0
2269.5;0
2272.5;0
2275.5;0
2278.5;0
2281.5;0
2284.5;0
2287.5;0
2290.5;0
2293.5;0
2296.5;0
2299.5;0
2302.5;0
2305.5;0
2308.5;0
2311.5;0
2314.5;0
2317.5;0
2320.5;0
2323.5;0
2326.5;0
2329.5;0
2332.5;0
2335.5;0
2338.5;0
2341.5;0
2344.5;0
2347.5;0
2350.5;0
2353.5;0
2356.5;0
2359.5;0
2362.5;0
2365.5;0
2368.5;0
2371.5;0
2374.5;0
2377.5;0
2380.5;0
2383.5;0
2386.5;0
2389.5;0
2392.5;0
2395.5;0
2398.5;0
2401.5;0
2404.5;0
2407.5;0
2410.5;0
2413.5;0
2416.5;0
2419.5;0
2422.5;0
2425.5;0
2428.5;0
2431.5;0
2434.5;0
2437.5;0
2440.5;0
2443.5;0
2446.5;0
2449.5;0
2452.5;0
2455.5;0
2458.5;0
2461.5;0
2464.5;0
2467.5;0
2470.5;0
2473.5;0
2476.5;0
2479.5;0
2482.5;0
2485.5;0
2488.5;0
2491.5;0
2494.5;0
2497.5;0
2500.5;0
2503.5;0
2506.5;0
2509.5;0
2512.5;0
2515.5;0
2518.5;0
2521.5;0
2524.5;0
2527.5;0
2530.5;0
2533.5;0
2536.5;0
2539.5;0
2542.5;0
2545.5;0
2548.5;0
2551.5;0
2554.5;0
2557.5;0
2560.5;0
2563.5;0
2566.5;0
2569.5;0
2572.5;0
2575.5;0
2578.5;0
2581.5;0
2584.5;0
2587.5;0
2590.5;0
2593.5;0
2596.5;0
2599.5;0
2602.5;0
2605.5;0
2608.5;0
2611.5;0
2614.5;0
2617.5;0
2620.5;0
2623.5;0
2626.5;0
2629.5;0
2632.5;0
2635.5;0
2638.5;0
2641.5;0
2644.5;0
2647.5;0
2650.5;0
2653.5;0
2656.5;0
2659.5;0
2662.5;0
2665.5;0
2668.5;0
2671.5;0
2674.5;0
2677.5;0
2680.5;0
2683.5;0
2686.5;0
2689.5;0
2692.5;0
2695.5;0
2698.5;0
2701.5;0
2704.5;0
2707.5;0
2710.5;0
2713.5;0
2716.5;0
2719.5;0
2722.5;0
2725.5;0
2728.5;0
2731.5;0
2734.5;0
2737.5;0
2740.5;0
2743.5;0
2746.5;0
2749.5;0
2752.5;0
2755.5;0
2758.5;0
2761.5;0
2764.5;0
2767.5;0
2770.5;0
2773.5;0
2776.5;0
2779.5;0
2782.5;0
2785.5;0
2788.5;0
2791.5;0
2794.5;0
2797.5;0
2800.5;0
2803.5;0
2806.5;0
2809.5;0
2812.5;0
2815.5;0
2818.5;0
2821.5;0
2824.5;0
2827.5;0
2830.5;0
2833.5;0
2836.5;0
2839.5;0
2842.5;0
2845.5;0
2848.5;0
2851.5;0
2854.5;0
2857.5;0
2860.5;0
2863.5;0
2866.5;0
2869.5;0
2872.5;0
2875.5;0
2878.5;0
2881.5;0
2884.5;0
2887.5;0
2890.5;0
2893.5;0
2896.5;0
2899.5;0
2902.5;0
2905.5;0
2908.5;0
2911.5;0
2914.5;0
2917.5;0
2920.5;0
2923.5;0
2926.5;0
2929.5;0
2932.5;0
2935.5;0
2938.5;0
2941.5;0
2944.5;0
2947.5;0
2950.5;0
2953.5;0
2956.5;0
2959.5;0
2962.5;0
2965.5;0
2968.5;0
2971.5;0
2974.5;0
2977.5;0
2980.5;0
2983.5;0
2986.5;0
2989.5;0
2992.5;0
2995.5;0
2998.5;0
3001.5;0
3004.5;0
3007.5;0
3010.5;0
3013.5;0
3016.5;0
3019.5;0
3022.5;0
3025.5;0
3028.5;0
3031.5;0
3034.5;0
3037.5;0
3040.5;0
3043.5;0
3046.5;0
3049.5;0
3052.5;0
3055.5;0
3058.5;0
3061.5;0
3064.5;0
3067.5;0
3070.5;0
3073.5;0
3076.5;0
3079.5;0
3082.5;0
3085.5;0
3088.5;0
3091.5;0
3094.5;0
3097.5;0
3100.5;0
3103.5;0
3106.5;0
3109.5;0
3112.5;0
3115.5;0
3118.5;0
3121.5;0
3124.5;0
3127.5;1
3130.5;0
3133.5;0
3136.5;0
3139.5;0
3142.5;0
3145.5;0
3148.5;0
3151.5;0
3154.5;0
3157.5;0
3160.5;0
3163.5;0
3166.5;0
3169.5;0
3172.5;0
3175.5;0
3178.5;0
3181.5;0
3184.5;0
3187.5;0
3190.5;0
3193.5;0
3196.5;0
3199.5;0
3202.5;0
3205.5;0
3208.5;0
3211.5;0
3214.5;0
3217.5;0
3220.5;0
3223.5;0
3226.5;0
3229.5;0
3232.5;0
3235.5;0
3238.5;0
3241.5;0
3244.5;0
3247.5;0
3250.5;0
3253.5;0
3256.5;0
3259.5;0
3262.5;0
3265.5;0
3268.5;0
3271.5;0
3274.5;0
3277.5;0
3280.5;0
3283.5;0
3286.5;0
3289.5;0
3292.5;0
3295.5;0
3298.5;0
3301.5;0
3304.5;0
3307.5;0
3310.5;0
3313.5;0
3316.5;0
3319.5;0
3322.5;0
3325.5;0
3328.5;0
3331.5;0
3334.5;0
3337.5;0
3340.5;0
3343.5;0
3346.5;0
3349.5;0
3352.5;0
3355.5;0
3358.5;0
3361.5;0
3364.5;0
3367.5;0
3370.5;0
3373.5;0
3376.5;0
3379.5;0
3382.5;0
3385.5;0
3388.5;0
3391.5;0
3394.5;0
3397.5;0
3400.5;0
3403.5;0
3406.5;0
3409.5;0
3412.5;0
3415.5;0
3418.5;0
3421.5;0
3424.5;0
3427.5;0
3430.5;0
3433.5;0
3436.5;0
3439.5;0
3442.5;0
3445.5;0
3448.5;0
3451.5;0
3454.5;0
3457.5;0
3460.5;0
3463.5;0
3466.5;0
3469.5;0
3472.5;0
3475.5;0
3478.5;0
3481.5;0
3484.5;0
3487.5;0
3490.5;0
3493.5;0
3496.5;0
3499.5;0
3502.5;0
3505.5;0
3508.5;0
3511.5;0
3514.5;0
3517.5;0
3520.5;0
3523.5;0
3526.5;0
3529.5;0
3532.5;0
3535.5;0
3538.5;0
3541.5;0
3544.5;0
3547.5;0
3550.5;0
3553.5;0
3556.5;0
3559.5;0
3562.5;0
3565.5;0
3568.5;0
3571.5;0
3574.5;0
3577.5;0
3580.5;0
3583.5;0
3586.5;0
3589.5;0
3592.5;0
3595.5;0
3598.5;0
3601.5;0
3604.5;0
3607.5;0
3610.5;0
3613.5;0
3616.5;0
3619.5;0
3622.5;0
3625.5;0
3628.5;0
3631.5;0
3634.5;0
3637.5;0
3640.5;0
3643.5;0
3646.5;0
3649.5;0
3652.5;0
3655.5;0
3658.5;0
3661.5;0
3664.5;0
3667.5;0
3670.5;0
3673.5;0
3676.5;0
3679.5;0
3682.5;0
3685.5;0
3688.5;0
3691.5;0
3694.5;0
3697.5;0
3700.5;0
3703.5;0
3706.5;0
3709.5;0
3712.5;0
3715.5;0
3718.5;0
3721.5;0
3724.5;0
3727.5;0
3730.5;0
3733.5;0
3736.5;0
3739.5;0
3742.5;0
3745.5;0
3748.5;0
3751.5;0
3754.5;0
3757.5;0
3760.5;0
3763.5;0
3766.5;0
3769.5;0
3772.5;0
3775.5;0
3778.5;0
3781.5;0
3784.5;0
3787.5;0
3790.5;0
3793.5;0
3796.5;0
3799.5;0
3802.5;0
3805.5;0
3808.5;0
3811.5;0
3814.5;0
3817.5;0
3820.5;0
3823.5;0
3826.5;0
3829.5;0
3832.5;0
3835.5;0
3838.5;0
3841.5;0
3844.5;0
3847.5;0
3850.5;0
3853.5;0
3856.5;0
3859.5;0
3862.5;0
3865.5;0
3868.5;0
3871.5;0
3874.5;0
3877.5;0
3880.5;0
3883.5;0
3886.5;0
3889.5;0
3892.5;0
3895.5;0
3898.5;0
3901.5;0
3904.5;0
3907.5;0
3910.5;0
3913.5;1
3916.5;0
3919.5;0
3922.5;0
3925.5;0
3928.5;0
3931.5;0
3934.5;0
3937.5;0
3940.5;0
3943.5;0
3946.5;0
3949.5;0
3952.5;0
3955.5;0
3958.5;1
3961.5;0
3964.5;0
3967.5;1
3970.5;1
3973.5;1
3976.5;1
3979.5;0
3982.5;1
3985.5;0
3988.5;0
3991.5;1
3994.5;0
3997.5;0
4000.5;0
4003.5;1
4006.5;0
4009.5;0
4012.5;0
4015.5;4
4018.5;1
4021.5;2
4024.5;1
4027.5;2
4030.5;3
4033.5;2
4036.5;3
4039.5;2
4042.5;0
4045.5;0
4048.5;0
4051.5;1
4054.5;2
4057.5;1
4060.5;0
4063.5;0
4066.5;0
4069.5;1
4072.5;0
4075.5;1
4078.5;3
4081.5;0
4084.5;0
4087.5;1
4090.5;0
4093.5;0
4096.5;1
4099.5;0
4102.5;1
4105.5;0
4108.5;1
4111.5;0
4114.5;0
4117.5;0
4120.5;0
4123.5;0
4126.5;1
4129.5;0
4132.5;0
4135.5;0
4138.5;0
4141.5;0
4144.5;0
4147.5;0
4150.5;1
4153.5;0
4156.5;0
4159.5;0
4162.5;0
4165.5;1
4168.5;0
4171.5;0
4174.5;0
4177.5;1
4180.5;0
4183.5;0
4186.5;0
4189.5;0
4192.5;0
4195.5;0
4198.5;2
4201.5;0
4204.5;0
4207.5;3
4210.5;1
4213.5;3
4216.5;3
4219.5;2
4222.5;6
4225.5;5
4228.5;5
4231.5;5
4234.5;3
4237.5;4
4240.5;2
4243.5;4
4246.5;4
4249.5;3
4252.5;5
4255.5;5
4258.5;4
4261.5;1
4264.5;1
4267.5;2
4270.5;4
4273.5;2
4276.5;2
4279.5;1
4282.5;0
4285.5;0
4288.5;0
4291.5;0
4294.5;0
4297.5;0
4300.5;0
4303.5;0
4306.5;0
4309.5;0
4312.5;0
4315.5;0
4318.5;0
4321.5;0
4324.5;1
4327.5;0
4330.5;0
4333.5;1
4336.5;0
4339.5;1
4342.5;0
4345.5;0
4348.5;0
4351.5;0
4354.5;0
4357.5;0
4360.5;0
4363.5;1
4366.5;0
4369.5;0
4372.5;1
4375.5;1
4378.5;0
4381.5;0
4384.5;0
4387.5;0
4390.5;0
4393.5;0
4396.5;0
4399.5;0
4402.5;0
4405.5;0
4408.5;0
4411.5;1
4414.5;0
4417.5;0
4420.5;0
4423.5;0
4426.5;0
4429.5;1
4432.5;0
4435.5;0
4438.5;0
4441.5;0
4444.5;0
4447.5;1
4450.5;1
4453.5;0
4456.5;0
4459.5;0
4462.5;1
4465.5;0
4468.5;0
4471.5;1
4474.5;1
4477.5;1
4480.5;0
4483.5;0
4486.5;0
4489.5;0
4492.5;0
4495.5;0
4498.5;0
4501.5;1
4504.5;0
4507.5;0
4510.5;0
4513.5;0
4516.5;0
4519.5;0
4522.5;1
4525.5;2
4528.5;1
4531.5;5
4534.5;6
4537.5;5
4540.5;3
4543.5;2
4546.5;6
4549.5;5
4552.5;3
4555.5;6
4558.5;5
4561.5;9
4564.5;9
4567.5;8
4570.5;8
4573.5;6
4576.5;12
4579.5;9
4582.5;5
4585.5;7
4588.5;4
4591.5;7
4594.5;4
4597.5;1
4600.5;2
4603.5;2
4606.5;3
4609.5;3
4612.5;3
4615.5;1
4618.5;0
4621.5;2
4624.5;1
4627.5;0
4630.5;0
4633.5;1
4636.5;1
4639.5;2
4642.5;0
4645.5;0
4648.5;1
4651.5;0
4654.5;2
4657.5;0
4660.5;0
4663.5;0
4666.5;0
4669.5;2
4672.5;0
4675.5;0
4678.5;1
4681.5;1
4684.5;0
4687.5;0
4690.5;0
4693.5;1
4696.5;0
4699.5;1
4702.5;0
4705.5;0
4708.5;1
4711.5;0
4714.5;1
4717.5;1
4720.5;0
4723.5;0
4726.5;1
4729.5;1
4732.5;0
4735.5;2
4738.5;0
4741.5;3
4744.5;2
4747.5;2
4750.5;4
4753.5;2
4756.5;3
4759.5;0
4762.5;3
4765.5;2
4768.5;0
4771.5;2
4774.5;3
4777.5;2
4780.5;0
4783.5;0
4786.5;1
4789.5;0
4792.5;1
4795.5;1
4798.5;1
4801.5;0
4804.5;1
4807.5;0
4810.5;0
4813.5;0
4816.5;0
4819.5;0
4822.5;1
4825.5;0
4828.5;0
4831.5;0
4834.5;0
4837.5;0
4840.5;1
4843.5;1
4846.5;0
4849.5;0
4852.5;0
4855.5;0
4858.5;0
4861.5;2
4864.5;1
4867.5;0
4870.5;0
4873.5;0
4876.5;0
4879.5;1
4882.5;0
4885.5;0
4888.5;0
4891.5;0
4894.5;0
4897.5;1
4900.5;0
4903.5;0
4906.5;0
4909.5;0
4912.5;1
4915.5;2
4918.5;2
4921.5;1
4924.5;3
4927.5;2
4930.5;3
4933.5;4
4936.5;1
4939.5;2
4942.5;5
4945.5;5
4948.5;2
4951.5;1
4954.5;1
4957.5;5
4960.5;1
4963.5;2
4966.5;6
4969.5;1
4972.5;0
4975.5;1
4978.5;1
4981.5;1
4984.5;1
4987.5;1
4990.5;0
4993.5;0
4996.5;1
4999.5;0
5002.5;0
5005.5;0
5008.5;0
5011.5;0
5014.5;0
5017.5;0
5020.5;0
5023.5;1
5026.5;0
5029.5;1
5032.5;0
5035.5;0
5038.5;0
5041.5;0
5044.5;0
5047.5;0
5050.5;0
5053.5;0
5056.5;2
5059.5;0
5062.5;0
5065.5;0
5068.5;0
5071.5;1
5074.5;1
5077.5;0
5080.5;0
5083.5;1
5086.5;0
5089.5;0
5092.5;0
5095.5;1
5098.5;0
5101.5;1
5104.5;0
5107.5;0
5110.5;0
5113.5;0
5116.5;0
5119.5;0
5122.5;0
5125.5;0
5128.5;0
5131.5;0
5134.5;0
5137.5;1
5140.5;0
5143.5;0
5146.5;0
5149.5;0
5152.5;0
5155.5;0
5158.5;0
5161.5;0
5164.5;0
5167.5;0
5170.5;1
5173.5;0
5176.5;0
5179.5;0
5182.5;0
5185.5;1
5188.5;1
5191.5;0
5194.5;1
5197.5;1
5200.5;0
5203.5;0
5206.5;0
5209.5;0
5212.5;0
5215.5;2
5218.5;1
5221.5;0
5224.5;0
5227.5;1
5230.5;1
5233.5;1
5236.5;2
5239.5;1
5242.5;0
5245.5;1
5248.5;1
5251.5;2
5254.5;0
5257.5;1
5260.5;0
5263.5;2
5266.5;0
5269.5;1
5272.5;0
5275.5;1
5278.5;1
5281.5;4
5284.5;0
5287.5;0
5290.5;1
5293.5;1
5296.5;1
5299.5;0
5302.5;0
5305.5;0
5308.5;0
5311.5;0
5314.5;0
5317.5;0
5320.5;0
5323.5;0
5326.5;0
5329.5;0
5332.5;0
5335.5;0
5338.5;0
5341.5;0
5344.5;0
5347.5;0
5350.5;0
5353.5;0
5356.5;0
5359.5;0
5362.5;0
5365.5;0
5368.5;0
5371.5;0
5374.5;0
5377.5;0
5380.5;0
5383.5;0
5386.5;0
5389.5;0
5392.5;2
5395.5;0
5398.5;0
5401.5;0
5404.5;0
5407.5;0
5410.5;0
5413.5;0
5416.5;1
5419.5;0
5422.5;0
5425.5;1
5428.5;0
5431.5;1
5434.5;0
5437.5;0
5440.5;0
5443.5;1
5446.5;0
5449.5;0
5452.5;0
5455.5;0
5458.5;0
5461.5;0
5464.5;0
5467.5;0
5470.5;0
5473.5;0
5476.5;0
5479.5;0
5482.5;0
5485.5;0
5488.5;1
5491.5;1
5494.5;1
5497.5;0
5500.5;0
5503.5;0
5506.5;0
5509.5;0
5512.5;0
5515.5;0
5518.5;0
5521.5;1
5524.5;0
5527.5;0
5530.5;0
5533.5;1
5536.5;0
5539.5;0
5542.5;0
5545.5;0
5548.5;0
5551.5;0
5554.5;0
5557.5;1
5560.5;0
5563.5;0
5566.5;0
5569.5;0
5572.5;0
5575.5;0
5578.5;0
5581.5;0
5584.5;0
5587.5;0
5590.5;0
5593.5;0
5596.5;0
5599.5;0
5602.5;0
5605.5;0
5608.5;0
5611.5;0
5614.5;0
5617.5;0
5620.5;0
5623.5;0
5626.5;0
5629.5;0
5632.5;0
5635.5;1
5638.5;0
5641.5;0
5644.5;0
5647.5;0
5650.5;0
5653.5;0
5656.5;1
5659.5;0
5662.5;0
5665.5;0
5668.5;0
5671.5;0
5674.5;0
5677.5;0
5680.5;0
5683.5;0
5686.5;0
5689.5;0
5692.5;0
5695.5;0
5698.5;0
5701.5;0
5704.5;0
5707.5;0
5710.5;0
5713.5;0
5716.5;0
5719.5;1
5722.5;0
5725.5;0
5728.5;0
5731.5;0
5734.5;1
5737.5;1
5740.5;0
5743.5;0
5746.5;1
5749.5;2
5752.5;0
5755.5;0
5758.5;2
5761.5;1
5764.5;3
5767.5;4
5770.5;7
5773.5;3
5776.5;5
5779.5;5
5782.5;5
5785.5;8
5788.5;8
5791.5;6
5794.5;5
5797.5;7
5800.5;3
5803.5;4
5806.5;2
5809.5;3
5812.5;5
5815.5;1
5818.5;2
5821.5;1
5824.5;0
5827.5;0
5830.5;1
5833.5;1
5836.5;0
5839.5;0
5842.5;0
5845.5;0
5848.5;0
5851.5;0
5854.5;0
5857.5;0
5860.5;0
5863.5;0
5866.5;0
5869.5;0
5872.5;0
5875.5;0
5878.5;0
5881.5;0
5884.5;0
5887.5;0
5890.5;0
5893.5;0
5896.5;0
5899.5;0
5902.5;0
5905.5;1
5908.5;0
5911.5;2
5914.5;0
5917.5;0
5920.5;0
5923.5;1
5926.5;0
5929.5;0
5932.5;0
5935.5;0
5938.5;0
5941.5;0
5944.5;0
5947.5;0
5950.5;0
5953.5;0
5956.5;0
5959.5;0
5962.5;0
5965.5;0
5968.5;0
5971.5;0
5974.5;0
5977.5;0
5980.5;0
5983.5;0
5986.5;0
5989.5;0
5992.5;0
5995.5;0
5998.5;0
6001.5;0
6004.5;0
6007.5;0
6010.5;0
6013.5;0
6016.5;0
6019.5;0
6022.5;0
6025.5;0
6028.5;0
6031.5;0
6034.5;0
6037.5;0
6040.5;0
6043.5;0
6046.5;0
6049.5;0
6052.5;0
6055.5;0
6058.5;0
6061.5;0
6064.5;0
6067.5;0
6070.5;0
6073.5;0
6076.5;0
6079.5;0
6082.5;0
6085.5;0
6088.5;0
6091.5;0
6094.5;0
6097.5;0
6100.5;0
6103.5;0
6106.5;0
6109.5;0
6112.5;0
6115.5;0
6118.5;0
6121.5;0
6124.5;0
6127.5;0
6130.5;0
6133.5;0
6136.5;0
6139.5;0
6142.5;0
6145.5;0
6148.5;0
6151.5;1
6154.5;0
6157.5;4
6160.5;2
6163.5;0
6166.5;0
6169.5;1
6172.5;0
6175.5;0
6178.5;0
6181.5;0
6184.5;0
6187.5;1
6190.5;2
6193.5;1
6196.5;0
6199.5;1
6202.5;0
6205.5;1
6208.5;0
6211.5;0
6214.5;0
6217.5;0
6220.5;0
6223.5;0
6226.5;2
6229.5;0
6232.5;0
6235.5;1
6238.5;1
6241.5;1
6244.5;1
6247.5;1
6250.5;0
6253.5;0
6256.5;1
6259.5;0
6262.5;0
6265.5;0
6268.5;0
6271.5;1
6274.5;0
6277.5;0
6280.5;0
6283.5;0
6286.5;0
6289.5;0
6292.5;0
6295.5;1
6298.5;0
6301.5;0
6304.5;0
6307.5;0
6310.5;1
6313.5;1
6316.5;1
6319.5;0
6322.5;0
6325.5;0
6328.5;0
6331.5;1
6334.5;0
6337.5;0
6340.5;0
6343.5;0
6346.5;0
6349.5;0
6352.5;0
6355.5;1
6358.5;0
6361.5;0
6364.5;0
6367.5;0
6370.5;0
6373.5;1
6376.5;0
6379.5;0
6382.5;0
6385.5;0
6388.5;0
6391.5;0
6394.5;0
6397.5;0
6400.5;0
6403.5;0
6406.5;0
6409.5;0
6412.5;0
6415.5;0
6418.5;0
6421.5;0
6424.5;0
6427.5;0
6430.5;0
6433.5;0
6436.5;0
6439.5;0
6442.5;0
6445.5;0
6448.5;0
6451.5;0
6454.5;0
6457.5;0
6460.5;0
6463.5;0
6466.5;0
6469.5;0
6472.5;0
6475.5;0
6478.5;0
6481.5;0
6484.5;0
6487.5;0
6490.5;0
6493.5;0
6496.5;0
6499.5;0
6502.5;0
6505.5;0
6508.5;0
6511.5;0
6514.5;0
6517.5;0
6520.5;0
6523.5;0
6526.5;0
6529.5;0
6532.5;0
6535.5;0
6538.5;0
6541.5;0
6544.5;0
6547.5;0
6550.5;0
6553.5;0
6556.5;0
6559.5;0
6562.5;0
6565.5;0
6568.5;0
6571.5;0
6574.5;0
6577.5;0
6580.5;0
6583.5;0
6586.5;0
6589.5;0
6592.5;0
6595.5;0
6598.5;0
6601.5;0
6604.5;0
6607.5;0
6610.5;0
6613.5;0
6616.5;0
6619.5;0
6622.5;0
6625.5;0
6628.5;1
6631.5;0
6634.5;2
6637.5;0
6640.5;0
6643.5;0
6646.5;2
6649.5;1
6652.5;4
6655.5;4
6658.5;0
6661.5;6
6664.5;3
6667.5;4
6670.5;1
6673.5;2
6676.5;2
6679.5;1
6682.5;0
6685.5;0
6688.5;4
6691.5;3
6694.5;1
6697.5;2
6700.5;1
6703.5;0
6706.5;0
6709.5;1
6712.5;1
6715.5;1
6718.5;1
6721.5;0
6724.5;0
6727.5;0
6730.5;1
6733.5;1
6736.5;1
6739.5;1
6742.5;0
6745.5;0
6748.5;0
6751.5;0
6754.5;0
6757.5;0
6760.5;0
6763.5;0
6766.5;0
6769.5;0
6772.5;0
6775.5;0
6778.5;0
6781.5;0
6784.5;0
6787.5;0
6790.5;0
6793.5;0
6796.5;0
6799.5;0
6802.5;0
6805.5;0
6808.5;0
6811.5;0
6814.5;0
6817.5;0
6820.5;0
6823.5;0
6826.5;0
6829.5;0
6832.5;0
6835.5;0
6838.5;0
6841.5;0
6844.5;0
6847.5;0
6850.5;0
6853.5;0
6856.5;0
6859.5;0
6862.5;0
6865.5;0
6868.5;0
6871.5;0
6874.5;0
6877.5;0
6880.5;0
6883.5;0
6886.5;0
6889.5;0
6892.5;0
6895.5;0
6898.5;0
6901.5;0
6904.5;0
6907.5;0
6910.5;0
6913.5;0
6916.5;0
6919.5;0
6922.5;0
6925.5;0
6928.5;0
6931.5;0
6934.5;0
6937.5;0
6940.5;0
6943.5;0
6946.5;0
6949.5;0
6952.5;0
6955.5;0
6958.5;0
6961.5;0
6964.5;0
6967.5;0
6970.5;0
6973.5;0
6976.5;0
6979.5;0
6982.5;0
6985.5;0
6988.5;0
6991.5;0
6994.5;0
6997.5;0
7000.5;0
7003.5;0
7006.5;0
7009.5;0
7012.5;0
7015.5;0
7018.5;0
7021.5;0
7024.5;0
7027.5;0
7030.5;0
7033.5;0
7036.5;0
7039.5;0
7042.5;0
7045.5;0
7048.5;0
7051.5;0
7054.5;0
7057.5;0
7060.5;0
7063.5;0
7066.5;0
7069.5;0
7072.5;0
7075.5;1
7078.5;0
7081.5;0
7084.5;0
7087.5;0
7090.5;1
7093.5;0
7096.5;0
7099.5;1
7102.5;0
7105.5;0
7108.5;0
7111.5;0
7114.5;1
7117.5;1
7120.5;0
7123.5;1
7126.5;3
7129.5;1
7132.5;0
7135.5;1
7138.5;0
7141.5;5
7144.5;0
7147.5;1
7150.5;4
7153.5;1
7156.5;1
7159.5;1
7162.5;1
7165.5;2
7168.5;1
7171.5;2
7174.5;0
7177.5;1
7180.5;0
7183.5;0
7186.5;1
7189.5;0
7192.5;1
7195.5;0
7198.5;0
7201.5;0
7204.5;1
7207.5;1
7210.5;0
7213.5;0
7216.5;0
7219.5;0
7222.5;0
7225.5;0
7228.5;0
7231.5;0
7234.5;0
7237.5;0
7240.5;0
7243.5;0
7246.5;0
7249.5;0
7252.5;0
7255.5;0
7258.5;0
7261.5;0
7264.5;0
7267.5;0
7270.5;0
7273.5;0
7276.5;0
7279.5;0
7282.5;0
7285.5;0
7288.5;0
7291.5;0
7294.5;0
7297.5;0
7300.5;0
7303.5;0
7306.5;0
7309.5;0
7312.5;0
7315.5;0
7318.5;0
7321.5;0
7324.5;0
7327.5;0
7330.5;0
7333.5;0
7336.5;0
7339.5;0
7342.5;0
7345.5;0
7348.5;0
7351.5;0
7354.5;0
7357.5;0
7360.5;0
7363.5;0
7366.5;0
7369.5;0
7372.5;0
7375.5;0
7378.5;0
7381.5;0
7384.5;0
7387.5;0
7390.5;0
7393.5;0
7396.5;0
7399.5;0
7402.5;0
7405.5;0
7408.5;0
7411.5;0
7414.5;0
7417.5;0
7420.5;0
7423.5;0
7426.5;0
7429.5;0
7432.5;0
7435.5;0
7438.5;0
7441.5;0
7444.5;0
7447.5;0
7450.5;0
7453.5;0
7456.5;0
7459.5;0
7462.5;0
7465.5;0
7468.5;0
7471.5;0
7474.5;0
7477.5;0
7480.5;0
7483.5;0
7486.5;0
7489.5;0
7492.5;0
7495.5;0
7498.5;0
7501.5;0
7504.5;0
7507.5;0
7510.5;0
7513.5;0
7516.5;0
7519.5;0
7522.5;0
7525.5;0
7528.5;0
7531.5;0
7534.5;0
7537.5;0
7540.5;0
7543.5;0
7546.5;0
7549.5;0
7552.5;0
7555.5;0
7558.5;0
7561.5;0
7564.5;0
7567.5;0
7570.5;0
7573.5;0
7576.5;0
7579.5;0
7582.5;0
7585.5;0
7588.5;0
7591.5;0
7594.5;0
7597.5;0
7600.5;0
7603.5;0
7606.5;0
7609.5;0
7612.5;0
7615.5;0
7618.5;0
7621.5;0
7624.5;0
7627.5;0
7630.5;0
7633.5;0
7636.5;0
7639.5;0
7642.5;0
7645.5;0
7648.5;0
7651.5;0
7654.5;0
7657.5;0
7660.5;0
7663.5;0
7666.5;0
7669.5;0
7672.5;0
7675.5;0
7678.5;0
7681.5;0
7684.5;0
7687.5;0
7690.5;0
7693.5;0
7696.5;0
7699.5;0
7702.5;0
7705.5;0
7708.5;0
7711.5;0
7714.5;0
7717.5;0
7720.5;0
7723.5;0
7726.5;0
7729.5;0
7732.5;0
7735.5;0
7738.5;0
7741.5;0
7744.5;0
7747.5;0
7750.5;0
7753.5;0
7756.5;0
7759.5;0
7762.5;0
7765.5;0
7768.5;0
7771.5;0
7774.5;0
7777.5;0
7780.5;0
7783.5;0
7786.5;0
7789.5;0
7792.5;0
7795.5;0
7798.5;0
7801.5;0
7804.5;0
7807.5;0
7810.5;0
7813.5;0
7816.5;0
7819.5;0
7822.5;0
7825.5;0
7828.5;0
7831.5;0
7834.5;0
7837.5;0
7840.5;0
7843.5;0
7846.5;0
7849.5;0
7852.5;0
7855.5;0
7858.5;0
7861.5;0
7864.5;0
7867.5;0
7870.5;0
7873.5;0
7876.5;0
7879.5;0
7882.5;0
7885.5;0
7888.5;0
7891.5;0
7894.5;0
7897.5;0
7900.5;0
7903.5;0
7906.5;0
7909.5;0
7912.5;0
7915.5;0
7918.5;0
7921.5;0
7924.5;0
7927.5;0
7930.5;0
7933.5;0
7936.5;0
7939.5;0
7942.5;0
7945.5;0
7948.5;0
7951.5;0
7954.5;0
7957.5;0
7960.5;0
7963.5;0
7966.5;0
7969.5;0
7972.5;0
7975.5;0
7978.5;0
7981.5;0
7984.5;0
7987.5;0
7990.5;0
7993.5;0
7996.5;0
7999.5;0
8002.5;0
8005.5;0
8008.5;0
8011.5;0
8014.5;0
8017.5;0
8020.5;0
8023.5;0
8026.5;0
8029.5;0
8032.5;0
8035.5;0
8038.5;0
8041.5;0
8044.5;0
8047.5;0
8050.5;0
8053.5;0
8056.5;0
8059.5;0
8062.5;0
8065.5;0
8068.5;0
8071.5;0
8074.5;0
8077.5;0
8080.5;0
8083.5;0
8086.5;0
8089.5;0
8092.5;0
8095.5;0
8098.5;0
8101.5;0
8104.5;0
8107.5;0
8110.5;0
8113.5;0
8116.5;0
8119.5;0
8122.5;0
8125.5;0
8128.5;0
8131.5;0
8134.5;0
8137.5;0
8140.5;0
8143.5;0
8146.5;0
8149.5;0
8152.5;0
8155.5;0
8158.5;0
8161.5;0
8164.5;0
8167.5;0
8170.5;0
8173.5;0
8176.5;0
8179.5;0
8182.5;0
8185.5;0
8188.5;0
8191.5;0
8194.5;0
8197.5;0
8200.5;0
8203.5;0
8206.5;0
8209.5;0
8212.5;0
8215.5;0
8218.5;0
8221.5;0
8224.5;0
8227.5;0
8230.5;0
8233.5;0
8236.5;0
8239.5;0
8242.5;0
8245.5;0
8248.5;0
8251.5;0
8254.5;0
8257.5;0
8260.5;0
8263.5;0
8266.5;0
8269.5;0
8272.5;0
8275.5;0
8278.5;0
8281.5;0
8284.5;0
8287.5;0
8290.5;0
8293.5;0
8296.5;0
8299.5;0
8302.5;0
8305.5;0
8308.5;0
8311.5;0
8314.5;0
8317.5;0
8320.5;0
8323.5;0
8326.5;0
8329.5;0
8332.5;0
8335.5;0
8338.5;0
8341.5;0
8344.5;0
8347.5;0
8350.5;0
8353.5;0
8356.5;0
8359.5;0
8362.5;0
8365.5;0
8368.5;0
8371.5;0
8374.5;0
8377.5;0
8380.5;0
8383.5;0
8386.5;0
8389.5;0
8392.5;0
8395.5;0
8398.5;0
8401.5;0
8404.5;0
8407.5;0
8410.5;0
8413.5;0
8416.5;0
8419.5;0
8422.5;0
8425.5;0
8428.5;0
8431.5;0
8434.5;0
8437.5;0
8440.5;0
8443.5;0
8446.5;0
8449.5;0
8452.5;0
8455.5;0
8458.5;0
8461.5;0
8464.5;0
8467.5;0
8470.5;0
8473.5;0
8476.5;0
8479.5;0
8482.5;0
8485.5;0
8488.5;0
8491.5;0
8494.5;0
8497.5;0
8500.5;0
8503.5;0
8506.5;0
8509.5;0
8512.5;0
8515.5;0
8518.5;0
8521.5;0
8524.5;0
8527.5;0
8530.5;0
8533.5;0
8536.5;0
8539.5;0
8542.5;0
8545.5;0
8548.5;0
8551.5;0
8554.5;0
8557.5;0
8560.5;0
8563.5;0
8566.5;0
8569.5;0
8572.5;0
8575.5;0
8578.5;0
8581.5;0
8584.5;0
8587.5;0
8590.5;0
8593.5;0
8596.5;0
8599.5;0
8602.5;0
8605.5;0
8608.5;0
8611.5;0
8614.5;0
8617.5;0
8620.5;0
8623.5;0
8626.5;0
8629.5;0
8632.5;0
8635.5;0
8638.5;0
8641.5;0
8644.5;0
8647.5;0
8650.5;0
8653.5;0
8656.5;0
8659.5;0
8662.5;0
8665.5;0
8668.5;0
8671.5;0
8674.5;0
8677.5;0
8680.5;0
8683.5;0
8686.5;0
8689.5;0
8692.5;0
8695.5;0
8698.5;0
8701.5;0
8704.5;0
8707.5;0
8710.5;0
8713.5;0
8716.5;0
8719.5;0
8722.5;0
8725.5;0
8728.5;0
8731.5;0
8734.5;0
8737.5;0
8740.5;0
8743.5;0
8746.5;0
8749.5;0
8752.5;0
8755.5;0
8758.5;0
8761.5;0
8764.5;0
8767.5;0
8770.5;0
8773.5;0
8776.5;0
8779.5;0
8782.5;0
8785.5;0
8788.5;0
8791.5;0
8794.5;0
8797.5;0
8800.5;0
8803.5;0
8806.5;0
8809.5;0
8812.5;0
8815.5;0
8818.5;0
8821.5;0
8824.5;0
8827.5;0
8830.5;0
8833.5;0
8836.5;0
8839.5;0
8842.5;0
8845.5;0
8848.5;0
8851.5;0
8854.5;0
8857.5;0
8860.5;0
8863.5;0
8866.5;0
8869.5;0
8872.5;0
8875.5;0
8878.5;0
8881.5;0
8884.5;0
8887.5;0
8890.5;0
8893.5;0
8896.5;0
8899.5;0
8902.5;0
8905.5;0
8908.5;0
8911.5;0
8914.5;0
8917.5;0
8920.5;0
8923.5;0
8926.5;0
8929.5;0
8932.5;0
8935.5;0
8938.5;0
8941.5;0
8944.5;0
8947.5;0
8950.5;0
8953.5;0
8956.5;0
8959.5;0
8962.5;0
8965.5;0
8968.5;0
8971.5;0
8974.5;0
8977.5;0
8980.5;0
8983.5;0
8986.5;0
8989.5;0
8992.5;0
8995.5;0
8998.5;0
9001.5;0
9004.5;0
9007.5;0
9010.5;0
9013.5;0
9016.5;0
9019.5;0
9022.5;0
9025.5;0
9028.5;0
9031.5;0
9034.5;0
9037.5;0
9040.5;0
9043.5;0
9046.5;0
9049.5;0
9052.5;0
9055.5;0
9058.5;0
9061.5;0
9064.5;0
9067.5;0
9070.5;0
9073.5;0
9076.5;0
9079.5;0
9082.5;0
9085.5;0
9088.5;0
9091.5;0
9094.5;0
9097.5;0
9100.5;0
9103.5;0
9106.5;0
9109.5;0
9112.5;0
9115.5;0
9118.5;0
9121.5;0
9124.5;0
9127.5;0
9130.5;0
9133.5;0
9136.5;0
9139.5;0
9142.5;0
9145.5;0
9148.5;0
9151.5;0
9154.5;0
9157.5;0
9160.5;0
9163.5;0
9166.5;0
9169.5;0
9172.5;0
9175.5;0
9178.5;0
9181.5;0
9184.5;0
9187.5;0
9190.5;0
9193.5;0
9196.5;0
9199.5;0
9202.5;0
9205.5;0
9208.5;0
9211.5;0
9214.5;0
9217.5;0
9220.5;0
9223.5;0
9226.5;0
9229.5;0
9232.5;0
9235.5;0
9238.5;0
9241.5;0
9244.5;0
9247.5;0
9250.5;0
9253.5;0
9256.5;0
9259.5;0
9262.5;0
9265.5;0
9268.5;0
9271.5;0
9274.5;0
9277.5;0
9280.5;0
9283.5;0
9286.5;0
9289.5;0
9292.5;0
9295.5;0
9298.5;0
9301.5;0
9304.5;0
9307.5;0
9310.5;0
9313.5;0
9316.5;0
9319.5;0
9322.5;0
9325.5;0
9328.5;0
9331.5;0
9334.5;0
9337.5;0
9340.5;0
9343.5;0
9346.5;0
9349.5;0
9352.5;0
9355.5;0
9358.5;0
9361.5;0
9364.5;0
9367.5;0
9370.5;0
9373.5;0
9376.5;0
9379.5;0
9382.5;0
9385.5;0
9388.5;0
9391.5;0
9394.5;0
9397.5;0
9400.5;0
9403.5;0
9406.5;0
9409.5;0
9412.5;0
9415.5;0
9418.5;0
9421.5;0
9424.5;0
9427.5;0
9430.5;0
9433.5;0
9436.5;0
9439.5;0
9442.5;0
9445.5;0
9448.5;0
9451.5;0
9454.5;0
9457.5;0
9460.5;0
9463.5;0
9466.5;0
9469.5;0
9472.5;0
9475.5;0
9478.5;0
9481.5;0
9484.5;0
9487.5;0
9490.5;0
9493.5;0
9496.5;0
9499.5;0
9502.5;0
9505.5;0
9508.5;0
9511.5;0
9514.5;0
9517.5;0
9520.5;0
9523.5;0
9526.5;0
9529.5;0
9532.5;0
9535.5;0
9538.5;0
9541.5;0
9544.5;0
9547.5;0
9550.5;0
9553.5;0
9556.5;0
9559.5;0
9562.5;0
9565.5;0
9568.5;0
9571.5;0
9574.5;0
9577.5;0
9580.5;0
9583.5;0
9586.5;0
9589.5;0
9592.5;0
9595.5;0
9598.5;0
